{"cameraMode":{"drawMode":0,"name":"Shaded","section":"Shading Mode"},"sceneLighting":true,"audioPlay":false,"sceneViewState":{"showFog":true,"showMaterialUpdate":false,"showSkybox":true,"showFlares":true,"showImageEffects":true,"showParticleSystems":true},"in2DMode":false,"pivot":{"x":11.744140625,"y":105.61803436279297,"z":-60.17028045654297},"rotation":{"x":-0.31285637617111208,"y":0.22804392874240876,"z":-0.07765506207942963,"w":-0.9187418818473816},"size":67.61589050292969,"orthographic":false}